Name,Roll,Time
{id},{userid},{current_time}
{id},{userid},{current_time}
{id},{userid},{current_time}
{id},{userid},{current_time}
{id},{userid},{current_time}
{id},{userid},{current_time}
{id},{userid},{current_time}
{id},{userid},{current_time}
{id},{userid},{current_time}
{id},{userid},{current_time}
{id},{userid},{current_time}
{id},{userid},{current_time}
{id},{userid},{current_time}
{id},{userid},{current_time}
{id},{userid},{current_time}
{id},{userid},{current_time}
{id},{userid},{current_time}
{id},{userid},{current_time}
{id},{userid},{current_time}
{id},{userid},{current_time}
{id},{userid},{current_time}
{id},{userid},{current_time}
{id},{userid},{current_time}
{id},{userid},{current_time}
{id},{userid},{current_time}
{id},{userid},{current_time}
{id},{userid},{current_time}
{id},{userid},{current_time}
{id},{userid},{current_time}
{id},{userid},{current_time}
{id},{userid},{current_time}
{id},{userid},{current_time}
{id},{userid},{current_time}
{id},{userid},{current_time}
{id},{userid},{current_time}
{id},{userid},{current_time}
{id},{userid},{current_time}
{id},{userid},{current_time}
{id},{userid},{current_time}
{id},{userid},{current_time}
{id},{userid},{current_time}
{id},{userid},{current_time}
{id},{userid},{current_time}
{id},{userid},{current_time}
{id},{userid},{current_time}
{id},{userid},{current_time}
{id},{userid},{current_time}
{id},{userid},{current_time}
{id},{userid},{current_time}
{id},{userid},{current_time}
{id},{userid},{current_time}
{id},{userid},{current_time}
{id},{userid},{current_time}
{id},{userid},{current_time}
{id},{userid},{current_time}
{id},{userid},{current_time}
{id},{userid},{current_time}
{id},{userid},{current_time}
{id},{userid},{current_time}
{id},{userid},{current_time}
{id},{userid},{current_time}
{id},{userid},{current_time}
{id},{userid},{current_time}
{id},{userid},{current_time}
{id},{userid},{current_time}
{id},{userid},{current_time}
{id},{userid},{current_time}
{id},{userid},{current_time}
{id},{userid},{current_time}
{id},{userid},{current_time}
{id},{userid},{current_time}
{id},{userid},{current_time}
{id},{userid},{current_time}
{id},{userid},{current_time}
{id},{userid},{current_time}
{id},{userid},{current_time}
{id},{userid},{current_time}
{id},{userid},{current_time}
{id},{userid},{current_time}
{id},{userid},{current_time}
{id},{userid},{current_time}
{id},{userid},{current_time}
{id},{userid},{current_time}
{id},{userid},{current_time}
{id},{userid},{current_time}
{id},{userid},{current_time}
{id},{userid},{current_time}
{id},{userid},{current_time}
{id},{userid},{current_time}
{id},{userid},{current_time}
{id},{userid},{current_time}
{id},{userid},{current_time}
{id},{userid},{current_time}
{id},{userid},{current_time}
{id},{userid},{current_time}
{id},{userid},{current_time}
{id},{userid},{current_time}
{id},{userid},{current_time}
{id},{userid},{current_time}
{id},{userid},{current_time}
{id},{userid},{current_time}
{id},{userid},{current_time}
{id},{userid},{current_time}
{id},{userid},{current_time}
{id},{userid},{current_time}
{id},{userid},{current_time}
{id},{userid},{current_time}
{id},{userid},{current_time}
{id},{userid},{current_time}
{id},{userid},{current_time}
{id},{userid},{current_time}
{id},{userid},{current_time}
{id},{userid},{current_time}
{id},{userid},{current_time}
{id},{userid},{current_time}
{id},{userid},{current_time}
{id},{userid},{current_time}
{id},{userid},{current_time}
{id},{userid},{current_time}
{id},{userid},{current_time}
{id},{userid},{current_time}
{id},{userid},{current_time}
{id},{userid},{current_time}
{id},{userid},{current_time}
{id},{userid},{current_time}
{id},{userid},{current_time}
{id},{userid},{current_time}
{id},{userid},{current_time}
{id},{userid},{current_time}
{id},{userid},{current_time}
{id},{userid},{current_time}
{id},{userid},{current_time}
{id},{userid},{current_time}
{id},{userid},{current_time}
{id},{userid},{current_time}
{id},{userid},{current_time}
{id},{userid},{current_time}
{id},{userid},{current_time}
{id},{userid},{current_time}
{id},{userid},{current_time}
{id},{userid},{current_time}
{id},{userid},{current_time}
{id},{userid},{current_time}
{id},{userid},{current_time}
{id},{userid},{current_time}
{id},{userid},{current_time}
{id},{userid},{current_time}
{id},{userid},{current_time}
{id},{userid},{current_time}
{id},{userid},{current_time}
{id},{userid},{current_time}
{id},{userid},{current_time}
{id},{userid},{current_time}
{id},{userid},{current_time}
{id},{userid},{current_time}
{id},{userid},{current_time}
{id},{userid},{current_time}
{id},{userid},{current_time}
{id},{userid},{current_time}
{id},{userid},{current_time}
{id},{userid},{current_time}
{id},{userid},{current_time}
{id},{userid},{current_time}
{id},{userid},{current_time}
{id},{userid},{current_time}
{id},{userid},{current_time}
{id},{userid},{current_time}
{id},{userid},{current_time}
{id},{userid},{current_time}
{id},{userid},{current_time}
{id},{userid},{current_time}
{id},{userid},{current_time}
{id},{userid},{current_time}
{id},{userid},{current_time}
{id},{userid},{current_time}
{id},{userid},{current_time}
{id},{userid},{current_time}
{id},{userid},{current_time}
{id},{userid},{current_time}
{id},{userid},{current_time}
{id},{userid},{current_time}
{id},{userid},{current_time}
{id},{userid},{current_time}
{id},{userid},{current_time}
{id},{userid},{current_time}
{id},{userid},{current_time}
{id},{userid},{current_time}
{id},{userid},{current_time}
{id},{userid},{current_time}
{id},{userid},{current_time}
{id},{userid},{current_time}
{id},{userid},{current_time}
{id},{userid},{current_time}
{id},{userid},{current_time}
{id},{userid},{current_time}
{id},{userid},{current_time}
{id},{userid},{current_time}
{id},{userid},{current_time}
{id},{userid},{current_time}
{id},{userid},{current_time}
{id},{userid},{current_time}
{id},{userid},{current_time}
{id},{userid},{current_time}
{id},{userid},{current_time}
{id},{userid},{current_time}
{id},{userid},{current_time}
{id},{userid},{current_time}
{id},{userid},{current_time}
{id},{userid},{current_time}
{id},{userid},{current_time}
{id},{userid},{current_time}
{id},{userid},{current_time}
{id},{userid},{current_time}
{id},{userid},{current_time}
{id},{userid},{current_time}
{id},{userid},{current_time}
{id},{userid},{current_time}
{id},{userid},{current_time}
{id},{userid},{current_time}
{id},{userid},{current_time}
{id},{userid},{current_time}
{id},{userid},{current_time}
{id},{userid},{current_time}
{id},{userid},{current_time}
{id},{userid},{current_time}
{id},{userid},{current_time}
{id},{userid},{current_time}
{id},{userid},{current_time}
{id},{userid},{current_time}
{id},{userid},{current_time}
{id},{userid},{current_time}
{id},{userid},{current_time}
{id},{userid},{current_time}
{id},{userid},{current_time}
{id},{userid},{current_time}
{id},{userid},{current_time}
{id},{userid},{current_time}
{id},{userid},{current_time}
{id},{userid},{current_time}
{id},{userid},{current_time}
{id},{userid},{current_time}
{id},{userid},{current_time}
{id},{userid},{current_time}
{id},{userid},{current_time}
{id},{userid},{current_time}
{id},{userid},{current_time}
{id},{userid},{current_time}
{id},{userid},{current_time}
{id},{userid},{current_time}
{id},{userid},{current_time}
{id},{userid},{current_time}
{id},{userid},{current_time}
{id},{userid},{current_time}
{id},{userid},{current_time}
{id},{userid},{current_time}
{id},{userid},{current_time}
{id},{userid},{current_time}
{id},{userid},{current_time}
{id},{userid},{current_time}
{id},{userid},{current_time}
{id},{userid},{current_time}
{id},{userid},{current_time}
{id},{userid},{current_time}
{id},{userid},{current_time}
{id},{userid},{current_time}
{id},{userid},{current_time}
{id},{userid},{current_time}
{id},{userid},{current_time}
{id},{userid},{current_time}
{id},{userid},{current_time}
{id},{userid},{current_time}
{id},{userid},{current_time}
{id},{userid},{current_time}
{id},{userid},{current_time}
{id},{userid},{current_time}
{id},{userid},{current_time}
{id},{userid},{current_time}
{id},{userid},{current_time}
{id},{userid},{current_time}
{id},{userid},{current_time}
{id},{userid},{current_time}
{id},{userid},{current_time}
{id},{userid},{current_time}
{id},{userid},{current_time}
{id},{userid},{current_time}
{id},{userid},{current_time}
{id},{userid},{current_time}
{id},{userid},{current_time}
{id},{userid},{current_time}
{id},{userid},{current_time}
{id},{userid},{current_time}
{id},{userid},{current_time}
{id},{userid},{current_time}